{"cameraMode":{"drawMode":0,"name":"Shaded","section":"Shading Mode"},"sceneLighting":true,"audioPlay":false,"sceneViewState":{"m_AlwaysRefresh":false,"showFog":true,"showSkybox":false,"showFlares":true,"showImageEffects":true,"showParticleSystems":true,"showVisualEffectGraphs":true,"m_FxEnabled":true},"in2DMode":false,"pivot":{"x":2.3442249298095705,"y":1.8365859985351563,"z":-3.0423765182495119},"rotation":{"x":-0.20612730085849763,"y":0.32642656564712527,"z":-0.07314621657133103,"w":-0.9195846319198608},"size":9.343714714050293,"orthographic":false}